Period,mean,median,std
1969,180.6,220.0,60.508677063707154
1970,110.97630331753554,109.0,66.08691540822758
